type,n_processes,overall_time
tst,2,5.732378482818604
tst,1,6.752744913101196
sml,1,65.46765637397766
sml,2,58.31730318069458
bg,2,418.0733563899994
bg,1,437.4367187023163
