type,n_processes,overall_time
tst,2,5.732378482818604
tst,1,6.752744913101196
sml,1,65.46765637397766
sml,2,58.31730318069458
bg,2,418.0733563899994
bg,1,437.4367187023163
tst,4,3.3397750854492188
tst,3,3.504232406616211
sml,3,31.76270604133606
sml,4,27.4605724811554
bg,4,200.8001368045807
bg,3,223.18607783317566
